text,hs
j'ai personne a m'adresser reclamer . voisin c'est attarde puant bruyant administrat... @ url,1
# duisburg 4 refugies arabes lardent coups couteau ado allemande enceinte 5 mois cru  p... @ url,1
 sale juif  mis avant contrairement autres mdr # lejouroujaibrulemoncoeur,1
@ user ramene maladie jerusalem ? ],1
rt @ user y'a meuf classe pleins racisme envers arabes taleur traiter asiatique ching cho,1
zemmour aphatie radicalite l'un terrorisme intellectuel l'autre ... maladie : ideologies vic... @ url,1
secours catholique ardent promoteur l'ensauvagement l'islamisation l'europe ! catholicisme devo... @ url,1
tue c'est meme offset marre cardi b wallah apars reuss personne peut supporte cette grosse mongol,1
mdrr fallou mongol vrai sai sai regardez deal  pose a  animatrice ... @ url,1
40 annees laxisme gauchiste ! ! ! ! @ url,1
@ user sunnites autorisent meurtrespedophiliepolygamie violence contre femmes etc.tous pays... @ url,1
@ user @ user fils putes autant quand aime noirs arabes,1
noirs milieu rebeus technique  lyon ca @ url,1
kevin bat tous rebeus moustache pr mieux froisser berka # verite,1
@ user @ user comme n'etes juif etes con sale .,1
liverpool  islam psg terrorisme fuck nasser,1
grece : transferts refugies migrants vers continent  accelerent @ url @ url,1
@ user @ user  islam valide terrorisme  oppose fait daesh  absolument e... @ url,1
feuilleton betisier ( 3 ) cohn bendit parlant jlm complotiste anti macronien normal vu formation trotzkiste... @ url,1
@ user brefffffffffff  attarde plus psq aller rester point vue mien donc revoir,1
@ user ds campagnes ..ou macron met 72 migrants village 400 personnes ... vont aller l... @ url,1
migraction 59 faveur migrants calais @ url via @ user,1
@ user cet attarde mental meme diplome . donnez emploi a chomeur .,1
migrants finlandais aveugle ! @ url,1
@ user wallah frere  a renois ici si disent mal arabes dorment archi mal ( hamdoulla... @ url,1
noirs rebeus veut tous eradiq... @ url,1
plutot collabos gauchiste tourne yeux leurs pauvres congeneres causes d'eux mi @ url,1
waves renois phobie ca  angoisse,1
a geneve hein.. crois  aussi debile ici pauvre attarde  . va falloir aller ramasser s... @ url,1
@ user c'est cet attarde,1
si tuerie # complotiste # antisemite # pittsburgh frappe aujourd'hui # usa n'oublions cette ideol... @ url,1
renois font gars cite courent comme mbappe chien connait # cesoirtribunal,1
@ user @ user @ user rends compte ? soldats couche giflent tous pays arabes voisins . respect !,1
rt @ user quand voit carnage maduro gauchiste prefere melenchon ude4c @ url,1
rt @ user @ user @ user @ user @ user gauchiste libertaire catholique tres orthodoxe,1
@ user c'est video apparemment c'est plus dire qu'il spontane ca voit c'est peu mongol bande,1
[ serie d'agressions violence : faits trop peu nombreux corse ] ( @ url via... @ url,1
@ user augmentation violences proportionnelle a l'arrivee migrants africains illegaux france . paris e... @ url,1
 a twitter noirs font bruit allah dehors jamais vu noir dire sale arabe  inverse hein,1
renois abusez a tomber milieu piste bowling,1
voici fait macron moment applique plan diabolique  islamisation france reveillez mer... @ url,1
faire comparatif entre # shoah # juifs & amp ; ' # invasion # migrants majorite # economique es... @ url,1
@ user c'est propre a gauche terrorisme intellectuel l'histoire l'a demontre montre encore .,1
@ user qu'il deguise arabe noir juif sais quoi j'm'en branle . deguiseme... @ url,1
# immigration # islam quand clans arabes font loi allemagne . tant laxisme fait vomir . lire . @ url,1
renois trompent beaucoup blancs trompent mieux . mdr waow keske j'raconte,1
@ user waw jvai defoncer jiji parles comme ca aime violence jv briser grosse pomme terre va,1
@ user @ user  antisemitisme jours vient  extreme-gauche  islam .,1
@ user surtout arabes . parfait sport plus buveurs vent leurs... @ url,1
genre jai envoye seance dmuscu snap gar dit mere sale arabe avc vieux chanteur parlant ch... @ url,1
ah oui presse francaise va continuer d'expliquer qu'un arabe criant allahu akbar tuant mecreant n'est... @ url,1
 montee populismes  explique cette peur migrants clandestins  @ url,1
@ user memes font morale contre l'avortement ... .,1
allemagne : clans arabes font loi ... .,1
juif : bonnes fetes roch hachana,1
contre l'immigration l'islamisation france seul parti defend france c'est rn ( dlf ) @ url,1
@ user  sale arabe tous memes  envie gifler,1
renois genes titans wsh poussent 3 jours stock,1
c'est attarde ! tombe !,1
@ user @ user gagner temps notons a present c'est lobby juif controle a fois :,1
@ user @ user tant d'imbeciles realisent a quel point l'invasion arabo-musulmane l'europe peut etre dangereuse .,1
 pietine mere  sale noir sale arabe ,1
rt @ user tous potes clara m'appellent pote chinois mdr ouf g l'impression tant ressembler noich q,1
grande-bretagne : priere musulmane recitee ( arabe ) avant  ouverture session conseil municipal d... @ url,1
rebeus pp messi death note ca parle puces @ url,1
sasuke bete naruto attarde donc sasuke @ url,1
@ user ca attires rebeus,1
# lfauit @ user doit voir # mongol,1
reponse type gauchiste scandale # nickconrad : condamne ...,1
seigneur j'apprends qu'une giga pute ancien lycee gueule contre l'avortement .,1
bah non rebeus aussi grosse bite  bon tg @ url,1
@ user non torchon national gauchiste marianne fait article contre mechencon revealleluia !,1
quel mongol fait cela ? signature ... @ url,1
nouvel eldorado rebeus plus trading mtn c'est l'aeroport,1
ferme gros mongol retourne tweeter merde @ url,1
capable lacher sale arabe sale negre sous l'effet colere premier degre ... j'ai u... @ url,1
ca enlevez ca localisation allez voir renois1 pcq localise renois 2 vu  a trop con... @ url,1
@ user bon tg force sale arabe,1
vegans sont-ils contre l'avortement ?,1
maghrebines attires renois elles comme lgbt oblige revendique .,1
@ user @ user frequemment arabes reconaissent france belle mieux sans francais !,1
@ user sale comme juif ...,1
gare propos islamophobes facho gauche droite . l'islam belle religion paix partag... @ url,1
top : @ user 'bienvenue a # cergy migrants africains completement nus agressent sauvagement francais... @ url,1
 aime meufs renois ?  bah pourquoi aimerai ? @ url,1
@ user clair . veulent etre rebeus renois reussir a pecho meufs reste s... @ url,1
ferme geule connasse chansons rebeus si veux vivre comme ca etc rentre chez ici france # udpp,1
lmao yaura moins rebeus certaines lignes actuelles ratp @ url,1
viens decouvrir mode nuit twitter vraiment attarde,1
renois peux dire l'aime bien trouve belle psk sinon tete va croire bey... @ url,1
@ user @ user raciste mdrrr quel veut parler renois parle mal femmes rebeu,1
# hdespros @ user vient plateau comme tout gauchiste veut imposer discours . font de... @ url,1
tout s'est passe trump continue d'alimenter theorie complot antisemite ... pays perdition.... @ url,1
gateaux rebeus : etape 1 @ url,1
@ user @ user negationnisme racisme anti-blanc l'islamo-gauchiste @ user meme argume... @ url,1
degout degout degout . faut accueillir migrants africains alors ' richesses pourrai... @ url,1
@ user @ user pck tape tjr actions renois griezmann,1
@ user l'africanisation l'islamisation l'europe c'est l'importation murs associees . n... @ url,1
invite afrique - algerie :  migrants beaucoup plus vulnerables maintenant  leila berrato @ url,1
tous jours negro  fridayyy,1
@ user encore mechants blancs oppresseurs n'ont qu'ils meritent . logiciel gauchiste reste... @ url,1
@ user c'un attarde j'suis mort tellement fier,1
@ user bah s'ils disent qu'ils francais donc migrants ? faut donc expulser !,1
@ user gros vas  mettre aussi ?  a renois demandent dire nigga dites nigga... @ url,1
malheureusement # france perdu dix retrouves ! # migrants # stopimmigration @ url,1
renois rebeus creent division entre communautes devrait enfermer goulags,1
perso j'accueillerais bien 1 migrant chaque nick conrad a expulser .,1
 failli postuler magasin fringues fait penser a garde-robe bobo-gauchiste non-bina... @ url,1
@ user @ user  islamisation marche ! pauvrete generalisee partout france .,1
nan attends va trouver raciste non plus si campion l'appelle jaune ching chong fu man shu @ url,1
@ user sale payday juif arabophile retourne cuisine !,1
encore gens 2018 lache sale arabe merde rue trouve ca normal . l'ignorance tuera tous .,1
renois mere payent jamais taxis,1
@ user  extreme droite pouvoir (  police coupe semelles enfants migrants ment age expulser ...  ) ... @ url,1
@ user @ user  france  ... .  afrique  propos  ri... @ url,1
mdrr mec parle bites noirs ca voit connait teubs rebeus  bon ca mdrrrr stop @ url,1
@ user salut islamotrump ! demande juste gauchiste gardiez foi ... . @ url,1
nouvelles yeezy pue grand mere  renois rebeus gile-fra suceur bite suivent mode,1
appeler enfant mohammed aidera integrer.. forme terrorisme intellectuel ... @ url,1
@ user bah nn rebeux  haine envers renois yen bcp + renois jtrouve,1
ca heureusement  cote italien sauve rebeus entre trop grave @ url,1
ceux contre l'avortement ceux-la memes peine mort,1
entre vals moix france perd ... .. euh grand chose fait . exile refugies qu'on peut . @ url,1
@ user @ user selon doit laisser enfants traiter l'autre sale arabe sale blanche ? drole d'education,1
rt @ user hashtag # pasdevague sonne enfin glas l'ideologie laxiste gauchiste predomine depuis annees sein,1
evidemment bon gauchiste ca faydeuxtweets apres ca  a plus  arguments sinon contredit meme ... ... @ url,1
sai ciume mongol,1
pittsburgh : poison  antisemitisme encore tue ( pcf ),1
@ user contre  avortement  pire contre transexualite trouve,1
faut refuser d'accueillir l'aquarius transporte surement faux migrant... @ url,1
absolument ! faut l'arraisonner mer marine nationale arreter tous occupants expulser migrant... @ url,1
l'europe n'est menu a carte lance macron pays refusent d'accueillir migrants @ url,1
@ user c'est donc ca secret beaute bonheur eternel,1
@ user sale arabe arrete d'envahir pays violer filles voler travaille !,1
noirs rebeus veut tous eradiquer...,1
allez nique mere sale juif @ url,1
@ user pendant 40 ans anonne :  immigration ( africaine ) chance france ! resultats... @ url,1
ilham aliyev recoit homologue mongol - photos @ url,1
@ user ah ? jsp j'ai bloque direct cmb ?,1
sud-coreennes veulent migrants ! @ url via @ user,1
arabes presque reussis a faire croire coca cocaine israel faisait complot cette boisson,1
probleme migrants c'est comme moustique testicule violence sert a rien ...,1
comment  plus beau tout rebeus @ url,1
 bien gauchiste,1
@ user app mongol,1
@ user si arabes disent coupables  surement innencents,1
arabes vont dire   oeil gens @ url,1
@ user oui veut non plus migrants islamo-africains !,1
imaginez seulement si enfants preferent sortir renois reubeu asiat @ url,1
rt @ user parti melenchon condamne visite 185 patrons francais isralnla section rennaise parti islamo-gauchiste,1
# muslims # islamisation # grandremplacement... @ url,1
allemagne : clans arabes font loi . police decide reagir eviter faire traiter d... @ url,1
@ user  attarde verite souviens 2015 quand fait sortir contre juve nombre  occa... @ url,1
@ user  aime voir fr lyncher pr vrai arabes noirs ca comptes pr beurres mais... @ url,1
@ user ultra-religieux n'ont rien contre viol ! contre l'avortement !,1
soutenons patriotes allemands comme luttent contre l'islamisation pays destruction not... @ url,1
@ user comme quoi c'est bien gauchiste pire espece .,1
@ user mec origine ti parle mdrr sale arabe,1
n'y d'islamisation france .,1
mdr rebeus discrets connais  inquietes @ url,1
ah ouin  contre  avortement sais-tu  quoi vasectomie,1
 reduire couts d'une immigration exageree expulser plus rapidement delinquants faux dema... @ url,1
d'apres @ user police ferait mieux travail s'il plus d'arabes noirs parmi policier... @ url,1
@ user balkaniques font tout violence sauvagerie . peuples n'auront jamais paix int... @ url,1
putain quel mongol @ url,1
@ user c'est totalement cas deja essaye prononcer ca tele verras c'est peu comme l'expression gauchiste,1
prenez cque voulez delire meufs rebeus france  vraiment  plus dego... @ url,1
qu'en pensent obscurantistes pro-agrochimie pro-developpement a outrance anti-ecolos autres climato-scepti... @ url,1
tout noir quand negro refusent rentrer dormir # ceweekendilsvonttropabuser,1
@ user dis j'essaie faire meme meme attarde,1
@ user c'est acte antisemite mot n'est facile a prononcer car l'auteur n'est ni noir ni arab... @ url,1
manuvre gauchiste habituelle : @ user essaye detourner l'attention portee # nickconrad utilisant... @ url,1
rebeus connais ni  eve ni  adam ( oui expression vieille ) arretez rajouter fb ca  arr... @ url,1
bizzarement  a renois  insultent plus grosses putes  univers ? mdr,1
ahahah croit dur comme fer l'avion ligne fait pirouettes quel giga mongol @ url,1
rappel :  annee dernieretrump suggere juifs pourraient commettre crimes haine antisemites e... @ url,1
s'imaginer ' # africain vient # europe n'est qu'un pur fantasme etant donne 90 % # migrants africains re... @ url,1
corse rachid.. soir traite sale arabe direct a tele . ..ahahah . .rachid ... @ url,1
s'il fallait decrire armee policiere nazi etrangere implante e centre prisons refugies essaye secret hypn... @ url,1
@ user bordel attarde force,1
rt @ user @ user @ user @ user @ user @ user bonjour gauchiste bobo reveille apre,1
donc vient vraiment sortir rue   raciste sale arabe ?  ? grenoble epatant,1
chez arabes meme peine poser question @ url,1
bensebaini quel gros mongol merite beau pied bouche . # srfcpsg,1
# hapsatousy - # zemmour parfaite illustration denonce # zemmour : l'hysterie dictature terror... @ url,1
@ user encore attitude bobo gauchiste ..,1
splash identitaires pensaient tomber negro stupide meres @ url,1
non non disent pauvres bobos gauchistes deja soumis a l'islam ...,1
1 - prenoms arabes .,1
islamo -gauchiste peut etre elu lorsque communautarisme majoritaire ! @ url,1
senateur pillon contre  avortement contre mariage gay contre divorce contre pensions aliment... @ url,1
@ user beau musee lequel nom bourreaux cache ! seul terrorisme connaissons porte nom :  islam,1
@ user rebeus baises leurs frangines deboussoles,1
@ user @ user renie mange tout . mangerai bien gauchiste bobo j'ai... @ url,1
@ user apporte quoi part sale geule  arabe grand mere,1
@ user @ user @ user l'islam n'est terrorisme ... .mes tous terroristes pratiques l'islam ... . attentats islam ... .,1
wesh cameraman cssse couilles filme gros porc rebeus hagrid remplace simeone # asmatl,1
@ user remplacez  education nationale   islam   pedophilie   terrorisme   professeur  p... @ url,1
@ user @ user faut arreter discours stupide humanotaro-gauchiste consiste a importer gue... @ url,1
@ user @ user musulmans vaste terrorisme voile religion fiche assise islam langue... @ url,1
@ user quand plus  agneaux  aid comment vas faire sale arabe barbu terroriste crie tt a... @ url,1
@ user ptydttyddtrrtdd ouf mprends sale arabe,1
@ user @ user bonne blague . l'esclavage arabo-musulman terrorisme l'islamisme c'est deja mal comme degats .,1
@ user @ user tg fdp sale chien sale juif gaz encetr,1
zizou sale arabe deteste  possible prends influencer sais quoi espece s... @ url,1
@ user non sale noirs sale arabe,1
@ user @ user @ user s'il l'a fait c'est bien . gauchiste sait bon .,1
@ user @ user ... vrai anchois aller lune invente million technologie !,0
eh renois faut reveiller @ url,0
@ user sjw feministe twitter sale combo,0
@ user @ user sais aussi pourquoi dessus ? parce si veut demain bah ya plus d'ani ... @ url,0
@ user dekoi parle jte dis ps honte dire half black lieu half pakpak attarde,0
@ user ohhh violence meuuurs,0
@ user @ user l'empire mongol,0
@ user @ user @ user etes contres pma tout monde contre  avortement . el... @ url,0
@ user contre l'avortement ?,0
@ user @ user @ user d'autant plus bizarre flavius josephe reste juif jusqu'au bout ongles .,0
quand sors chez coiffeur  vraiment plus beau tous rebeus,0
@ user @ user oui comprends pourquoi ceux veulent accueillir migrants n'en prennent pas... @ url,0
@ user @ user j'essaie bien comprendre maintenant sais quand dit qu'on antisioniste il... @ url,0
doudoune ugg vraiment renois abusent # jaimelestylehivermaispaslefroid # jsuisunevraigwada,0
@ user decidement n'importe quel attarde peut jours detenir carte professionnelle . revoyez con... @ url,0
@ user @ user @ user mr simon pouvez justifier voir attenuer violence propos mr zemmou... @ url,0
vegetarien voici rencontre eleveur mongol m'a fait realiser l'ecologie @ url,0
dc maintenant dire @ user @ user lobby juif sioniste sachant  revendique tel que... @ url,0
 tous renois suivent raisonnement  insulte perds hassanets rien @ url,0
@ user @ user @ user arabes empruntent zero indiens ix eme siecle ! ! !,0
deter aller chinois ds semaine ... trop envie ... noich,0
euthanasie avortement peine mort # pma # gpa societe contre vie bat plein diable embra... @ url,0
c'est tres classique qu'apres periode gauchiste redressement s'effectue d'autant plus violent period @ url,0
@ user  violence dont etes produit ?,0
@ user @ user @ user @ user @ user juste gauchiste toujours a donner lecons morale,0
@ user @ user comprenez tout travers . n'appelle africains a franciser leurs noms... @ url,0
bien migrants vivaient aussi l'illegalite etats-unis @ url,0
@ user @ user mairie socialope islamo-gauchiste traitre a france resumer,0
l'islamisation france pleine expansionle resultat l'infiltration musulmans ds ts strates la... @ url,0
rebeus glo a fac grace a barbe,0
tutos francais youtube  insupportable 3/4 videos  mecs parlent comme si  etais attarde,0
@ user dirait gros daron antillais derniere,0
@ user gauchiste comme dis . jamais considere gauche . ... @ url,0
@ user @ user @ user ouais si arabes perdu ailleurs c'est aussi parce nous... @ url,0
@ user @ user @ user @ user ? quelle forme violence ? pose juste question savoir q... @ url,0
@ user deteste alain soral .  raciste antisemite complotiste manipulateur,0
@ user si voulez avis patient mike doit canaliser tout amour sous forme violence ...,0
@ user bouahahhaa branle cosplay sneaky cet attarde,0
# harcelement sociale . piratage informatique . vandalisme auto,0
mongol germain court jusqu  champs elysee lieu rester place devant cages,0
@ user vive rebeus @ url,0
pensez-vous rebeus renois  aiment reellement ?,0
@ user @ user 2/2 predateurs mangent aussi gout renseigne chat ... exemple ... @ url,0
# europe # france grece : transferts refugies migrants vers continent  accelerent @ url,0
rt @ user logique d'un gauchiste # npc # npcmeme @ url,0
normalement afrique dirigent doivent utiliser 50 % dictature 50 % democratie,0
@ user vraie question : france veut-elle encore peu plus violence ! ?,0
@ user aussi complotiste anti-vaccin ?,0
@ user @ user plus fait communaute musulmane rohyngia tous dirigeants arabes reunis... @ url,0
paris : centre d'hebergements refugies ouvre 16e @ url via @ user... @ url,0
chatelet a gare nord croise renois/ tysmes survet + teinture blonde flm,0
@ user @ user  aimerais bien savoir pourquoi   islamogauchiste  ennemi principal et... @ url,0
regarder attarde ptn merde 2019 ... @ url,0
@ user @ user @ user @ user prefere violence libre a . prefere fin... @ url,0
# migrants clandestins armes s'affrontent devant fac d'eco-gestion a # marseille . expulser urgence... @ url,0
@ user etre gauche voir gauchiste n'est crime non plus .,0
( charente libre ) : ' # italie adopte loi expulser plus vite migrants : conseil ministres italie... @ url,0
@ user peut-on imposer ( 4x4 pue | caractere pourri | imbecilite | violence | chat | incontinence | a... @ url,0
pq  vois states renois saute a  eau chaussettes tout mdrr,0
@ user @ user @ user dieu ! ca doit etre formidable d'avoir cerveau gauchistes ... .. @ url,0
@ user l'endoctrinement gauchiste fonctionne plein pot cliches pille leurs richesses ... @ url,0
tout jours negro c'est fridayyyyyyyy,0
@ user @ user @ user l'islam interdit terrorisme maniere plus claire :,0
@ user @ user grosso modo ouighours peuple turc ( turco-mongol ) musulman . bien s... @ url,0
@ user quand fait choc civilisations base lutte contre terrorisme revigore l'at... @ url,0
@ user temoin l'empreinte presque trois cents ans d'existence cumulees l'empire mongol horde d'or .,0
@ user @ user ps el acquiaissais tout qu'el disait el disait a russe laisser tomber faut ps par... @ url,0
ecoutant cette chanson entier rend compte influences arabes grace sonorites utilisees fond.... @ url,0
@ user vois donc etre contre l'avortement c'est etre contre liberte femme ? cela n'a aucun rapport... @ url,0
@ user tous gens refusent ceder terrorisme intellectuel ca doit effrayer plus d'un .,0
renois leurs flow c'est tellement douceur yeux : ) ),0
macron annonce creation d'un musee-memorial victimes terrorisme @ url via... @ url,0
etes contre  avortement ?,0
@ user @ user rothschild grande finance rothschild = juif  inconscient collecti... @ url,0
rt @ user @ user @ user zohra madame islamo gauchiste rigolent blancs asservis dhimmis,0
@ user l'ua sert a rien finance l'occident dicte conduite crise migrants l'ua... @ url,0
@ user @ user si considere c'est nature pense contre l'avortement bien entendu ?,0
@ user sauras ca s'appelle chaine alimentaire apprend ca l'ecole,0
@ user comme d'habitude ! ! pauvre petit bonhomme ! ! ! n'y d'elections afrique ? ? se... @ url,0
@ user @ user @ user plein d'animaux voie ... extinction donc dit merci merci mussoli fermier,0
quand experts arabes eclairent l'islam xxeme siecle & gt ; dirige # arabiesaoudite + epuration mecque nou... @ url,0
@ user lis surtout papiers signes @ user @ user philippe leclercq . t'attarde p... @ url,0
@ user @ user @ user ben exactement,0
@ user @ user @ user dis-tu : qualifier violence degradations sabotage... @ url,0
@ user @ user lion mange viande meme si ... ... essentiel . donc cal ... @ url,0
ptdrr qu'est raconte cet attarde encore ? parle quartier comme si c'etait l'anarchie j'pleure @ url,0
@ user @ user ouaip c'est dur comprendre 16eme paris intramuros quand seuls vac ... @ url,0
peux m'empecher penser c'est meme mecanique qu'avec faux compte gauchiste provocateur @ url,0
comment sortir debat  contre   avortement entrer dialogue  ecoute  amour co... @ url,0
 ozil  mongol  invente vie @ url,0
@ user @ user oh dieu non bloquage supreme @ url,0
@ user pourquoi contre autistes ? trouve ca debile d'en faire sorte chose obligatoire mais... @ url,0
@ user @ user donc qd traite quelqu'1 sale arabe normal qud arabe traite qlq 1 sale blanc c'est normal ? !,0
vs vs rendez compt jrisk sauter pcq jecrii com mongol jui deg : ( (,0
decouvrez solidarite femmes burundaises # burundi . l'association bat contre # violencessexuelles de... @ url,0
@ user coup  attarde  celui emet jugement celui juge sans avoir vu,0
nagui pro charia peut s'empecher placer touche d'islamo gauchiste pro migrants zappe direct cette em @ url,0
@ user l'insignifiance merite qu'on s'y attarde ! !,0
 africain vais plie  @ url,0
contre c'est ca j'aime l'envoie inde faire avorter frere avortement ausis c'est haram peu... @ url,0
@ user oh sens autant demunie . coleres cris violence refus grandir ( tellement poin... @ url,0
@ user @ user insulte appelle cela insulte . sale blanc sale arabe sale noir... @ url,0
objectif mettre rebeus a mode japon . reussi plutot bien lol,0
quand plus violence sociale ( perte... @ url,0
@ user @ user @ user ecoute j'ai obtenu titre tres prise bobo islamo gauchiste donc bon,0
j'suis gauchiste 100 % raison . c'est inadmissible @ user poissons besoin plus @ url,0
@ user @ user @ user @ user espece retrouve nature sans ... @ url,0
@ user @ user @ user @ user  a plus detestee vs mondel islam religion terroris... @ url,0
@ user faut arreter mlp c'est qu'une gauchiste !,0
@ user violence peut etre norme . force necessaire l'est quand interventions requier... @ url,0
france : jeudi prochain a librairie resistances :  naufrages .  odyssee migrants africains etienne du... @ url,0
bref jamais trop tard tomber amoureux a stade  accepte tout monde surtout renois... @ url,0
@ user @ user @ user vraie histoire l'invasion-islamisation berberes arabes ? faut rever ...,0
@ user @ user bobo citadin pleure parce qu'1 vache va finir steak assiettesil ... @ url,0
plus enfants refugies diplomes plus developpent :,0
fait point.nregarde estns'attarde virgulesnouvre parenthesesnle trema naeve ch @ url,0
@ user @ user peu trop violence a gout,0
@ user @ user mdr excuses prend train viens  temps  attarde minus 16... @ url,0
@ user @ user france  europe bonne partie monde arabe monde tout court considere h... @ url,0
@ user j'ai explose rire c'etait parfait xd,0
si zemmour disait verite terrorisme reclame l'islam n'aurait pu finir phrase . onpc couc... @ url,0
femme fait agresser insulter sale arabe . confrontation personne a gendarmerie . flic d... @ url,0
@ user  empire mongol  ordre assassins,0
video gaza : voila medias appellent manifestations . d'apres pourquoi arabes envoient-ils d... @ url,0
@ user dites-moi ca sort pile-poil maintenant parce qu'il pris position contre l'accueil migrants europe ?,0
@ user @ user resultat ideologie gauchistequi nom l'egalite chances veut g ... @ url,0
mbz a tete emirats arabes unis moyens . mubadala impressionnant fonds souverain plethore... @ url,0
tellement contente smythe davis sortit mongol dorjsuren alors aussi aidee pa... @ url,0
@ user non a dictature pensee non terrorisme intellectuel . oui a liberte d'expression conscience d'opinion .,0
@ user @ user allez apprendre faire difference entre gauchiste comme lula/melenchon f ... @ url,0
~ne t'attarde dtails risques rater devant toi~,0
@ user @ user @ user permis effet reconnaissance droit a ' # avortement droit a l'... @ url,0
l'invasion subissons celle touristes cet homme historien gauchiste @ url,0
@ user @ user ceux meritent meme qu'on s'attarde dessus ..j'vais faire unanimite dessus... @ url,0
@ user reponse ici =i & gt ; ecrivaine blogeuse engagee . liberees - combat feministe gagne... @ url,0
@ user @ user @ user ca change quoi chiffres hein ? trois mille migrants trois millions migran... @ url,0
@ user assia vallah  plus rien a perdre fait deja terminer depuis tweet rebeus,0
@ user @ user rien a voir terrorisme l'islam ! ! c'est dingue fondu cable !,0
meme persuadee # zemmour ... c'est pensee dominante francais hors gauchistes bien c... @ url,0
parti danois veut expulser  migrants musulmans abusent aides sociales  developpe rapidement @ url,0
@ user /o sais . comprends . j'en marre . va encore reprendre toute cette violence gueule . # lassitude,0
@ user oui depuis matin attarde apres match,0
@ user meklat a badroudine : quand # inrocks soutiennent l'antisemitisme islamiste gauchiste bien-pen... @ url,0
@ user comprends pourquoi plupart gens disaient ... etais arabe quand streamais . nce genre ... emissio ... @ url,0
@ user @ user j'aime rebeus,0
rt @ user l'histoire quebec vaut peine qu'on s'y attarde . tellement triste qu'on l'enseigne presque plus . texte fort interessa,0
@ user peut-etre gauchiste ? @ url,0
ptdr tout a fait raison commentaires grave meufs disent renois mettez aussi... @ url,0
israel migrants africains sentent victimes  racisme  - @ url @ url,0
migrants gagnent/recoivent davantage l'etat p... @ url,0
@ user @ user fallait rever quelqu attarde vendredi ... un.petit effort operat... @ url,0
@ user racisme blancs envers noirs arabe tellement ete gomme france meme individuellem... @ url,0
rt @ user @ user @ user cassons gueule gauchiste faisons comprendre qu'en jouant vies,0
@ user @ user @ user @ user si etes coherent meme cela signifie etes contre l'avortement .,0
@ user contre jparle couramment chinois jpeux dire ching chong ca veut rien dire,0
@ user exactement xd comme ami precieux m'attarde beaucoup genre details xd,0
quand meme aime atmosphere garde identite violence dessin ryp . : ),0
@ user @ user l'argument c'est noirs arabes revendiquent comme noir arabes pigeon g... @ url,0
@ user pq y'a autant rebeus tiennent l'ol ?,0
l'idee qu'il existe 1 lobby juif classique l'extreme droite desormais declinee sous l'avatar lobb... @ url,0
@ user pire ( deso pr potes prison^^ ) c'etait press ' violence policiere & gt ; apres & lt ; . ca d... @ url,0
plus terrasse plus lumiere ... refugies caveau etat desarroi certain gardons malgre t... @ url,0
@ user c'est jargon gauchiste tellement galvaude s'en devenu running gag .,0
etes-vous  accord bernard kouchner dit  devrions prendre plus migrants  @ url,0
@ user @ user @ user @ user @ user @ user  ouf comment rebeus qua... @ url,0
@ user @ user ah ben cest difficile quand connait smartphones beton immeubles,0
@ user long comme regard s'attarde corps,0
@ user theorie deep state terme trump renie reprend bien canons l'antisemitisme c... @ url,0
@ user pareilj  aime voir gens malheureuxmeme ceux connais vraimentje  attarde toujours u... @ url,0
@ user dit gauchiste . quand recoit menaces extreme gauche voit millions degats les... @ url,0
@ user etes fatiguant donc dit fermer bouche grr blackos face normal porte tee shirt bande faux derch,0
question simple passe t'il tete certains renois regarde comprends wesh j'exige d... @ url,0
loon-plage : cycliste invente agression migrants . simplement tombee velo . @ url,0
@ user @ user  islamisation france marche ... financee caf .  probablement premiere... @ url,0
@ user @ user @ user non prefere juste arretes d'employer vocabulaire gauchiste ( c... @ url,0
@ user @ user @ user @ user  juste  habitude  attarde plus couleur fringues,0
@ user @ user aucun rapport sachant rebeus rois matiere,0
rebeus doux civilises jvs love,0
@ user attarde point . resumer cout seule partie ferme projet = 100m s... @ url,0
@ user tant violence ... @ url,0
apres renois  voulait  a raille ca liste,0
dc fait n'ont tjrs legalise l'avortement ca reste sujet tabou . contre ca fait 4ans qu'on appren... @ url,0
marocains debate mongol croit lportugal amerique nord jsp cmt vs pouvez tenir jlaur... @ url,0
 3 milliard d'homme terre t'attarde quelqu'un d'indeci   avoue mal celle-la..,0
@ user tout a fait ! vois a quel point coeur grand meme envers refugies d'une peupla... @ url,0
c'est mieux m'attarde plus certaines personnes fait,0
@ user y'a aussi plein pays africains guerre pouvant accueillir . avant de... @ url,0
@ user mediapart islamo - gauchiste ? titre plenel mal compris ?,0
bah y'a qu'a quand meme tres belles phrases si s'y attarde peu @ user @ url,0
voila resultat rapport l'islamisme confond islam terrorisme .,0
nn ctoi va menvoye  bah envoie dm jpeux savoir c'est mongol @ url,0
@ user @ user @ user gne ? agrandir l'interface s'adapter a ecran beaucoup plus petit c... @ url,0
@ user @ user @ user ah oui ? ca ... quoi ? @ url,0
@ user soma gros mongol cinnamon  quoi ?,0
france pr autiste - debile - came . j'arrive plus a savoir . @ url,0
y'a meuf classe pleins racisme envers arabes taleur traiter asiatique ... @ url,0
@ user toujours vas trop loin,0
meme etant gauchiste pro migrants j'aurais baille lisant c...,0
cyber-harcelement : jeune homme 25 ans reconnu coupable viol a distance @ url via @ user,0
@ user @ user @ user gauche anti religieuse general extreme droite anti islam tout court ( pou... @ url,0
mdr renois disent rien a 69 honte a,0
macron  islamisation france plan bien ficele  institut montaigne @ url,0
cette uvre d'un # artiste # francais # refugies - immense fresque pelouse perle lac a... @ url,0
@ user @ user @ user @ user @ user bah evidemment y'a renois parmi terror... @ url,0
@ user vivement   attarde pratiquants water-polo twirling baton . deux passions bie... @ url,0
parlait pote dit c'est renoi.. ah... @ url,0
grece . a thessalonique migrants continuent  arriver ! @ url,0
coup petit tips migrants vont faire faire expulser bouffer nutella @ url,0
tous potes clara m'appellent pote chinois mdr ouf g l'impression tant ressembler noich ca ? ? ? ?,0
melange flou entre qqun empli  amour violence paradoxe a paroxysme  art beaute mai... @ url,0
@ user personnellement regard s'attarde moins moins genre couverture . pense mon... @ url,0
@ user @ user @ user etre musulman veut dire favoriser terrorisme comme etre catho ve... @ url,0
@ user thune migrants ... thune ... francais  abord ! aines priorite nationale !,0
@ user @ user @ user bonnes larmes gauchiste,0
@ user wauquiez gauchiste rapport a,0
coup si asiat rebeu physiquement m'attirent trop aussi raciste asiat rebeu... @ url,0
@ user origine purement berbereje retrouve nom prenom purement arabes ! ca veut tout dire marre .,0
lignes quotidiennes akram belkaid : polemique autour prenoms arabes rien nouveau sous soleil ... ( iht... @ url,0
@ user @ user @ user ah d'accord m'avais attarde compte . crois simp... @ url,0
@ user joyeux 35eme anniversaire a gauchiste prefere ^^ !,0
contre l'avortement soutenons docteur bertrand rochambeau @ url,0
@ user @ user maniaseries :  4 blocks  explore monde brutal clans mafieux arabes berlinois a la...... @ url,0
@ user @ user recu donc sacrifie espece tuer manger . c'est ... @ url,0
@ user quand parti 4 mois afrique cette annee rentre chienne etait toute heureuse donc  fais,0
@ user conseille a francis vallat chaque membre association accueille chez migrant . on... @ url,0
4 donne rdv a 14h  sorti lit 14h17 renois,0
@ user comm tardif dimanches s'affichent ainsi meritent qu'on s'y attarde . tres belle photo !,0
c'est bete rt trop vite informations provenant conosphere islamo-gauchiste.nnc'est revoltant rej @ url,0
rebeus lyon,0
@ user @ user alors deja ecriture francaise comprend rien . ensuite meufs ca s'epile . e ... @ url,0
style gars ?  encr ? renois metisses @ url,0
degoute le+c'est l'on emmerde migrantsles demandeurs papiers clandestins ( vivent... @ url,0
@ user @ user lieu symbole lutte contre terrorisme contre l'islam n'a rien... @ url,0
@ user @ user comme si # migrants viennent pays profondement homophobes allaient devenir gay friendly jour !,0
@ user @ user citation responsable l'etude n'as sans doute lu : c'est vrai ' ... @ url,0
dit ca faisant valoir vocabulaire gauche attarde entoure depuis tant d'annees .,0
paris premiere mise demeure propos d'eric zemmour migrants musulmans @ url via @ user,0
 petites blanches  ptdr  savaient lot  a giga arabes renois encore plus fan @ url,0
 attarde petits details,0
jviens tomber compte twitter c'est insane putain mec c'est attarde balais tete @ url,0
@ user @ user terrorisme intellectuel ici dire :  definition decoloniale racisme exclus... @ url,0
trouves comment physiquement rebeus ? forcement mecs tess  craquant fou @ url,0
@ user @ user merci a deux viens d'apprendre nationaliste antisemite complotiste... @ url,0
contre  avortement fin qd g parler certains trucs  a dit  accord preferait avorter en... @ url,0
quel ramassis  attarde @ url,0
quoi style mec aussi ?  prefere renois si blond yeux bleu oklm faut drole auss... @ url,0
delit solidarite cedric herrou combat l'accueil protection migrants africains dan... @ url,0
@ user @ user d'accord gauchiste .,0
@ user rapport terrorisme c'est l'argument vision biaisee l'islam dont parles . d'ailleurs... @ url,0
@ user @ user 2/2 deuxieme essage s'attarde fait spa accueil aussi animaux plus atypiques . pas... @ url,0
# migrants # islam # islamisation # islamisme # islam # afrique # immigrants # macron # lrem # fra...,0
@ user @ user @ user bonne pote gauchiste chirio,0
@ user wa fik ben c'est assez simple abrutis l'ecoute rap=banlieue=immigres=arabe/noir=islam=terr... @ url,0
comprend pourquoi prenez gens contre l'avortement attardes a croire c'est debat simple... @ url,0
genre mec finit tribunal violence conjugale @ url,0
@ user @ user @ user guenole gauchiste ose critiquer seules reelles feministes honorable e... @ url,0
@ user @ user sous entend bobo gauchiste dont parle tous islamo-gauchiste gens... @ url,0
@ user @ user cela n'excuse rien insultes harcelement,0
 proverbe africain,0
@ user @ user exemple tout bete,0
@ user @ user fait quoi juste gouvernement ? pourquoi s'attarde futilites alors qu'il de... @ url,0
@ user ... terrorisme mode operatoire procede technique porte soi aucune ideologie . mai... @ url,0
parler l'esclavage arabo-musulman noirs toujours exister aucun renois n'en parle hein ... @ url,0
@ user @ user n'as rien voir fait d'etre haut l'echelle alimentaire no ... @ url,0
meilleur thiago messi voila c'est terminenc'est crack meilleur attarde siecle c'est bien @ url,0
@ user @ user @ user @ user ca sent gauchiste vexe ... fin discussion !,0
@ user cette technique reservee parents rebeus,0
@ user personnellement ville  habite  plus chance mourir sel terrorisme ! ... @ url,0
lutter contre violences faites femmes facilitant  essor ... ... @ url,0
encore gauchiste deconnectee ...,0
@ user prof utilise photo cours violence a l'ecole ptdr ( petite victime ) @ url,0
@ user faux nul zero majorite arabes,0
@ user jsuis mort enft meme si ya qlq cas isoles tete croises rebeus rue fa... @ url,0
@ user @ user tout a fait d'accord summoning ! comme ca s'attarde cote sombre seigne... @ url,0
aujourd  hui premiere fois vie  a traite sale arabe rue  partie del,0
quand wauqiuez fait presque passer phillipe gauchiste droit d'etre depite ? # lemissionpolitique,0
@ user ptddrr aym t'rappel renois voulait vendre faux . s'appelait martine batard @ url,0
 a renois  grave bounty hein vont sortir  oui non  afrique merite arrive . l... @ url,0
libre film @ user hymne a collaboration colonisation peuplement africaine ar... @ url,0
constat simple :  europe livree a  invasion a  occupation a  islamisation grand remplacement . mot  o... @ url,0
ensuite  vais parler pnl oula alors faut jm  attarde trop pcq  a beaucoup a dire . encore un... @ url,0
@ user nan a avis visite map chasse tout . t'es plutot attarde missions pri... @ url,0
@ user @ user @ user pourquoi semi ? ... jamais trop aide parait-il .,0
@ user @ user @ user @ user @ user parle d'un constat . c'est fait . essaie d'analyser... @ url,0
plus  attarde doctorat moins publie plus dirige vers marges systeme . product... @ url,0
@ user attarde gare dehors ca appelle partout effet .,0
c'est peut-etre attarde mental type qu'il dit c'est a 200 % vrai @ url,0
@ user france pays multiculturelle observe langue francaise integre mots arabes utilises... @ url,0
# expulsion # migrants vers pays  origine : merkel satisfaite  apres visite a # alger .  juge... @ url,0
@ user @ user adepte lieu commun gauchiste,0
@ user y'a renois tout renois c'est different tous meme mentalite puis jvois pb,0
@ user @ user envie pleurer ( vraiment ) ntu refait soiree nlove,0
@ user ouais askip sorti sale juif selon dires zeuby,0
2018 encore gens manifestent contre droit a l'avortement suisse ( partout ailleurs d'ail... @ url,0
@ user @ user vegetarienne n'adhere a cette violence fait mouvement vegan chacun doit etre libre respect svp,0
prcq genre renoi peut aimer renois blanches ? ? @ url,0
@ user @ user @ user @ user @ user @ user deformation bobo gauchiste ... pa ... @ url,0
@ user @ user @ user @ user ah oui exact ... compris premier tweet,0
@ user @ user absolument contre  avortement surtout contrace... @ url,0
sous direction genghis khan  immense empire mongol utilise systeme postal avance a travers  empire . # uoim2,0
@ user @ user @ user rien voir l'extreme droitefaut arreter fumette gauchistetout mond ... @ url,0
@ user @ user @ user @ user @ user etes pourtant toujours gauchiste malgre ... @ url,0
 juste  affiche a sucer rebeus dit dis a place  honte  m... @ url,0
@ user omg j'etais pret celle @ url,0
@ user marsault quand va revenir  attendrais niveau violence stratospherique car gars nive... @ url,0
 aime trop couleur  faite a cheveux   impression   attarde moins gueule ca rattrape coup,0
rt @ user fort interessant gauchiste faire payer pollueurs pollution leurs industries produisent,0
@ user enfants bordel 6 qi incroyable comment  attarde,0
seule difference j'ai trouve entre rich kid famous dex c'est famous dex attarde sinon c'est meme merde,0
grave potes rebeus blacks faisaient regulierement controler jusqu  a leurs... @ url,0
c'est quoi bobo gauchiste  mec relaxe devant quotidien ecoute  jul  seulement donne... @ url,0
@ user @ user juste bio mec peut voir c'est gauchiste ( in ) soumis,0
marianne soubret illeres ! rien  a nantes 700 migrants evacues a loger !,0
etre considere militant antiracisme faut faire seulement deux choses :,0
ca derange personne l'on parque migrants comme betail ? ? ? ? @ url,0
repondons legitimement a @ user  esclavage commis arabes date 860 1950 tout... @ url,0
@ user @ user @ user temps ! gouvernement deja assez occupe comme ca migrants islamo-africains !,0
mdrr apres  renois parlent sexe # lrt,0
@ user . quand 16 % population musulmane processus ' # islamisation irreversible poin... @ url,0
@ user  soutient grv franchement force parle rebeus arabes etes les... @ url,0
@ user installe @ user stp ! n'le dirai jamais assez . c'est appli ' contre cyber-harcelement .,0
@ user pays arabes n'ont qu'a accueillir n'en veut ras cul,0
@ user @ user ah y'a tout monde . faut cucks qi 2 chiffres ... @ url,0
@ user feministe parle d'irl .,0
@ user oui  vrai & lt ; 3,0
@ user  a arabes debattu,0
@ user @ user @ user m'a traitee sale arabe . sale blanche aussi.alors sais e... @ url,0
@ user corrente mongol,0
quel frere ( ecrit mieux rebeu rebeus ) @ url,0
@ user j'aurais dis pareil avc renois t'aurais rep meme ?,0
deja renois  vont dire jesus christ @ url,0
added video @ user playlist @ url ' opposition dispose d'aucun programme s'attarde faux,0
@ user oui cela s'appelle colonisation l'islamisation d'une nation l'aval gouvernements soumis a l'ue .,0
fait attarde ssg,0
gauchiste jusque masturbation,0
# pmasanspere : nom desir tout puissant adultes enfants permet cette violence identite profonde .,0
@ user calais migrants viols agresse meme habitants vienne aide a cause ca habitants quitte calais,0
typique renois mdrr quand ca perd battle ca crie scandale ! bouge @ url,0
@ user  renois plus gentil monde..,0
@ user @ user @ user ouuuuin bb,0
@ user @ user presentes comme moyenne reseau trophique place peut va ... @ url,0
donc si etats africains... @ url,0
. @ user va debloquer 80 millions dollars # refugies communautes  accueil # niger,0
qu'on mette chose clair . non con attarde debile sais quoi . j'ai niveau cultu... @ url,0
@ user lecture ceci interroge grandement  alcool complications violence fa... @ url,0
@ user @ user @ user jte rassure jsuis blanche states jme fait victimiser ... avion ... @ url,0
@ user @ user pourquoi pays tres riches comme l'arabie saoudite qatar emirats arabes etc . le... @ url,0
@ user @ user @ user : anti islamisme ( anti radicalisme terrorisme extremisme ) anti i... @ url,0
@ user @ user l'islam n'est terrorisme ... veux dire l'extremisme existe toutes l... @ url,0
@ user @ user @ user oui  accord  anti parle  argent sale plutot  ... @ url,0
@ user vue comment parle mal c'est,0
algerie :  migrants beaucoup plus vulnerables maintenant  leila berrato - @ url,0
contre  avortement  droit chacun doit meler convictions personne... @ url,0
@ user ah bon ? si quelqu'un n'est avis c'est attarde ? ouaouh,0
enft  ss attarde aucun gangster reste  ecoute fois,0
avant prison point commun entre terroristes   islam .,0
@ user @ user @ user demande aussi,0
quoi type mec  rebeus @ url,0
france demande refugies guerreaux exiles genocide rwandais  franciser  leurs noms prenoms... @ url,0
@ user nan nan abuse non plus algerien giga fier  etre .  preference renois .,0
renois  1m95 110kg lachent tweets fruites dirait makassy,0
@ user @ user @ user cette vue regard s'attarde dessine caresses,0
@ user  avoue souffre trop etudiants renois . force a ensemble ! ! ! @ url,0
 ua  effaree  propos salvini a propos migrants africains europe @ url @ url,0
deja  permet venir traiter ? alors prefere renois  quoi soucis ?  inter... @ url,0
@ user j'ai vu video conseille vivement d'installer l'appli ' @ user lutte contre cyber-harcelement .,0
@ user @ user crois droit c'est ecris noir blanc article lois,0
@ user @ user @ user @ user oui alors probleme j'ai cite l'inde pa ... @ url,0
@ user hahaha meme temps cisphobie n'existe donc pourra jamais comprendre vraiment ca fait ?,0
oh oui ... n'oublie cette population surrepresentee prisons terrorisme agressions... @ url,0
@ user @ user sachant 85/90 % musulmans sunnites donc ouii assimile  islam terrorisme,0
@ user @ user @ user meme blanc toute vie traine renois meme si je... @ url,0
@ user deux autres choses : aucune interaction feministes alors  base mouvement le... @ url,0
@ user @ user @ user va  accueil migrants comme cultureles 2 necessitent... @ url,0
@ user @ user ca commencait trop mal ca part couille delires complotiste anti... @ url,0
@ user @ user @ user tout marchand donc derive gauchiste ?,0
@ user @ user comme a jour op trop attarde dessus detail sinon c'e... @ url,0
# assises gard #  avocat famille victime souligne  extreme violence  agression . nonagenaire fr... @ url,0
 inclusion diversite veut dire acquiescer a  obscurantisme . refusant denoncer  islam politiqu... @ url,0
@ user @ user voulez dire soupconnez @ user d'apologie terrorisme islamique ? et... @ url,0
@ user @ user peut etre temps  attarde alors,0
@ user @ user @ user @ user @ user comment debattre entre gauchiste sans aucune contradiction,0
@ user si  feministe defends chacun droits femme meme celui rester a maison  occuper des... @ url,0
sexe violence religion drogue apple va consacrer 1 milliard dollars rema... @ url,0
legende darons renois boite bel bien vraie,0
attarde mental viens realiser toussaint s'appelait comme ca pcq c'est celebration tous saints,0
c'est bon j'ai serrer renois comme m'avez saouler,0
@ user @ user principale source terrorisme   islam . principal centre formation  ... @ url,0
jsuis vrmt attarde miam,0
@ user @ user ca m'emballe masses m'attarde dessus pourtant fan batou,0
@ user @ user @ user j'avais deja oublie gauchiste aime emotionnaliser debat ( triste triste bon bon ),0
quand steppe trop grande c'est vent porte nouvelles proverbe mongol date d'avant twitter ... .,0
@ user  capte pk  attarde autant dessus  ouf comment  vide . remarque valable frere aussi .,0
quotidiens arabes arabe soudanais mardi 25 septembre 2018 @ url,0
entre colis pieges fabriques cesar sayoc l'ultra-droite peut critiquer l'electorat gauchiste democrate ame @ url,0
@ user ... grave besoin ... entendre ca merci mec !,0
@ user @ user @ user @ user inde bouffe viande car ca fait g ... @ url,0
@ user beaucoup migrants viennent egalement pays anglophones autres .  a desequilibre entre les... @ url,0
quand j'etais college j'etais vraiment vraiment mal a cause harcelement subissais confia... @ url,0
est-ce  catho integriste milite dimanche contre droit a  avortement peut dire feministe ? ?,0
@ user @ user hommes meurent fait violence conjugale ? parle ? car 5 personnes... @ url,0
@ user @ user bon ecologiste bobo gauchiste . joue milliardaire l'argent provenant l'escroquerie impots .,0
@ user @ user @ user j'ai vu flou,0
wouah vient  arriver truc fou rentrais chez quand devant deux renois menacent tase... @ url,0
@ user si faisait generalites comme ca renois ca appelle discrimination le... @ url,0
@ user jure genre dis  bah nan  aime tout  dit  nan pense  renois vois... @ url,0
@ user inquietude legitime . 40 ans politicards defigure pays . l'ideologie gauchiste... @ url,0
@ user jamais jsuis gauchiste,0
@ user @ user capable dire ca a pauvres refugies pense oui,0
cette video traumatisante rituel coalition mr-nva ete censuree facebook  violence extreme  survi... @ url,0
l'italie adopte loi expulser plus rapidement migrants @ url,0
@ user @ user @ user @ user tellement facile ecule terme gauchiste assene que... @ url,0
@ user l'avortement n'est forcement traumatisant non grossesse forcee contre ... encore fois... @ url,0
va recommencer @ user traite arabe s'etale periode allant vii eme siecle jusqu'en 1920. e... @ url,0
hier parlais intello-gauchiste m'a dit : nnfaut bien reconnaitre qu'une seule religion aujourd'hui p @ url,0
flm meufs attarde tartine tt  matin,0
@ user @ user @ user @ user lol bonne vielle tactique gauchiste ! repondre questi... @ url,0
@ user sucre sale  degueu,0
vie fait renois 1 separa ca cherie .. sad history,0
@ user exemple veux aider cause rebeus tacles frere rebeu avis different... @ url,0
meurtre  adolescente :  medias canadiens preferent proteger refugies  : @ url via @ user,0
@ user @ user non non n'y d'islamisation ... . c'est fantasme l'extreme droite ... .,0
@ user mdrr bah non ah sais trop t'avoue m'attarde trop profil haha,0
@ user @ user @ user @ user oui maman . violences chez . aucun cas . violenc... @ url,0
bien clause conscience medecins notamment contre  avortement  droit veto louis xvi . i... @ url,0
rt @ user 'ching chong '' ca veut dire bonjour chinois nan ? ? @ url,0
@ user a toulouse oui rue commissariat plus d'entendre sale noir arabe ...,0
@ user @ user @ user @ user @ user gros j'en marre renois cherche regard a... @ url,0
 originaires plupart # refugies ? deux tiers refugies proviennent cinq pays seulement : ... @ url,0
@ user @ user @ user ... parlez vue gauchiste avilissante . . associez cette ... @ url,0
@ user  ecoute soir sien  attarde celui takeoff celui metro collab 21savage travis scott,0
voila demontre bien l'hypocrisie gauche ... plus haineux violent qu'un gauchiste extremiste ! @ url,0
@ user @ user @ user machin a lunettes va faire fois ramasser migrants pleurera . fran... @ url,0
@ user presente ca medecins gynecologues contre  avortement comme slogan  veux p... @ url,0
@ user @ user reste sceptique solutions tres tranchees lorsqu   attarde complet... @ url,0
@ user croyez vraiment repetez n'importe quoi dit net ? site complotiste antisemite delirant !,0
franchement j'ai regarder reportage renois vivent coree tiennent tout meme discour... @ url,0
@ user bobo islamo gauchiste feministe a maniere moins l'avoues bonne pedale bien pensante quoi ^^,0
@ user e r,0
faudra jour  interroger violence  familles homoparentales voir jeter  intere... @ url,0
ensemble luttons contre violences communautes,0
cette image insoutenable ! apres cela comment etre encore contre refugies mesures prendre leur... @ url,0
@ user oui j'imagine ... courage udc99 nil m'a directement envoye photo j'ai cette chance,0
# macron menace d'expulser migrants cela produit ! pourquoi ? parce qu'il faible pe... @ url,0
prise charge refugies fuyant guerre . @ url,0
plus 60 villes deja dit oui venir aide refugies . l... @ url,0
banque mondiale va debloquer 80 millions dollars refugies communautes  accueil # niger.... @ url,0
@ user @ user dit ... attarde question dieu pardonne cher ami dieu pardonne,0
tripoli violence rises france wants sanctions militias | reuters @ url,0
@ user jc pa jc juste anciens jconnais rebeux raciste renois alr ls anciens renois sen foutent,0
quand voit carnage maduro gauchiste prefere melenchon ude4c @ url,0
@ user  comme si disais islam =terrorisme,0
@ user @ user @ user @ user mangent porc parce quand tuaie ... @ url,0
hier j'ai fini saison 1 punisher . crois n'ai jamais vu autant violence serie un... @ url,0
non ! n'en veut migrants economiques ! trop c'est trop . plus urgent d'imposer mesures dr... @ url,0
@ user @ user retourne conseil veracite infos doute violence d'aucu... @ url,0
@ user question : vegan contre l'avortement ?,0
preferes aller soiree l'autre con zoonekynd aller cours l'autre mongol mahieux ?  alex... @ url,0
quand est-ce qu'on met place couvre feux violence ?,0
# guatemala : partisans  elargissement  # avortement resoudre a retirer  article  propos... @ url,0
possible faire mathematiques chiffres arabes tandis qu'il autant facile les... @ url,0
mdr cest renois ca . toute ceremonie avant mariage passe maison @ url,0
@ user @ user vient juste prouver qu'on sommet t'as confirme gros patapouf,0
@ user si consideres sale noire / sale juif  raciste non plus alors peux rien faire,0
savons tous terrorisme politique rien avoir islam,0
attaques terroristes racistes antimusulmans ; rarement qualifiees terrorisme . https : ...,0
alors appreciez delicieux # aliments milliers d'enfants # refugies souffrent # faim de... @ url,0
ceux douteraient caractere complotiste l'antisionisme delirant d'abdelrahim ali voici thread... @ url,0
bien migrants vivaient aussi l'illegalite etats-unis 35 % migrants illegaux interceptes queb... @ url,0
information bande sale putes # ede mot marabout mot d'origine arabe maraboutee un... @ url,0
equipe a fac clrmt 20 rebeus/renois 600 chaud,0
mdrrrr saint denis  vraiment  afrique ko,0
@ user @ user @ user personne s'attarde fait qu'elles plusieurs avoir batraciens  sophage ?,0
@ user euh bah ca longtemps connais hyper sympa/drole  tape tjrs barres  autre attarde @ user,0
tout cas mariages renois c'est vraiment meilleurs,0
... quelques autres clips lesquels faut m'attarde peu plus . x ),0
coup contre l'avortement ?  non @ url,0
@ user @ user bien d'eviter parler d'argumenter autour chose maitri ... @ url,0
renois dis juste truc qu'il plait va raconter toutes l'histoire france .,0
comment place phase  renois stamford bridge  pfiou prend  importe leuleu,0
dialectique gauchiste interessante .,0
muriel robin confie combat contre violences conjugales devenu evidence apres avoir incarne jacq... @ url,0
- expulsion immediate migrants coupables vol viol v...,0
@ user j'ai premier rendez-vous hormones vendredi prochain,0
@ user @ user chaine alimentaire definitif necessite alimentaire ... @ url,0
ca  fume renois quand rigolent obliges tape 200m sprint @ url,0
@ user @ user non psychophobe c'est quand stigmatise maladies mentales : dire qu'untel attard... @ url,0
@ url @ url @ url dit merde putain gauchiste @ url,0
 passe temps rebeu sale meuf sait  aime arabes  tjrs  affut moindre tweets toi... @ url,0
menard gauchiste crache cadavre encore chaud faurisson . @ url,0
ailleurs donner lecons militantisme lgbti quand parti complotiste fricote l'ext... @ url,0
plus grand bien-sur attarde a oublie mots x ),0
insupportables rebeus pr ca @ url,0
t'es peu gauchiste j'aime bien tweets retweets  sais quoi repondre @ url,0
puis film  appelle  bohemian rhapsody  film  attarde tres peu conception chef  uvre musical,0
@ user @ user rennes ... .ville gauchiste depuis 1977 sans interruption,0
@ user @ user @ user @ user @ user fais toute tl vrai gauchiste,0
asmar mraconte histoire mparl comme attarde e tro ******,0
quand vois cagnotte aider enfants refugies dorment deh...,0
rt @ user meilleure amie sort enfant attarde aime neige ... @ url,0
@ user arabes reprochent mr messiha d'etre peu trop occidental pays o_o si ca c'est du... @ url,0
@ user meme groupe supporter mongol,0
carai matheus eh mongol demais,0
paris : familles gendarmes virees  caserne faire place a 150 familles migrants ! @ url,0
alle a boutique nespresso ptdr mec demande si achetait cafe pr  hotel vu deux renois... @ url,0
a relire budget record | evacuations raison pluies | moins demandes plus refugies @ url,0
bon apres jsuis content jai fais ca mtn jle referai plus ptdrrrr jsuis quel genre mongol,0
trouve yann moix  a derape question violence policiere . biensur yena ok faut pa... @ url,0
@ user coup si t'es vegan manges produits non locaux ( cafe bananes noix ... @ url,0
confirmation..les migrants s'agglutinent a irun gymnases espagnols attendant passer france la... @ url,0
@ user @ user @ user trop chou merci,0
@ user @ user animaux tuent entre # jdcjdr,0
naza mongol po na banda ko seka seka kk boyer s...,0
j'adore voir eternalfreedom si prompt a defendre palestiniens copains rebeus retrouve bie... @ url,0
@ user @ user regarde  reubeux  autres  renois contre blanc jsp ca depend grave meufs,0
villes solidaires # aveclesrefugies,0
ca entrees legales . migrants viennent plus . @ url,0
oblige d'etre d'accord tout dit @ user  l'antisemitisme n'est l'hos... @ url,0
m'arrive truc comme ca j'accelere comme mongol j'ecrase gens m'en balek ( pleure race vrai ) @ url,0
pourquoi marocaines renois pays bas elles toujours belles ? injustice @ url,0
droit a l'avortement belgique ? contre avance fin vie # parjupiter,0
@ user sais trop si c'est troll j'espere parce halloween = satan ca fait vraiment attarde religieux,0
@ user oui tres bien ! coup vois toujours correlation migrants africains . ^^,0
@ user @ user @ user ah ben si meprise ca voit sinon battrais contre  avortement .,0
hier j'ai repris squats d'apres comment dire jambes feu marche comme mongol,0
look coctktail blanco negro @ url,0
lol e mongol #,0
dakar : militaires francais impliques rixe @ url @ user @ url,0
non message n'a rien subliminale ... .. continuite terrorisme intellectuel faut metis... @ url,0
' opposition dispose d'aucun programme s'attarde faux debats matar ba ministre @ url,0
cousine  blanche sort  rebeus/renois + change mecs tous mois compr... @ url,0
plus 60 villes deja dit oui venir aide refugies . ? ...,0
loon plage : femme violemment agressee groupe migrants @ url,0
renois deja aime trop ensuite jsp  vraiment feeling @ url,0
mec noir dit quand meme blackos allez mdr .,0
contre renois metisses taches rousseurs ca fascine fou @ url,0
@ user ete plus respectueux autres beaucoup moins !,0
rt @ user @ user @ user mdrrrr . t'es trop mignon,0
grv grisaille renois laaaa tema matuidi @ url,0
# migrants traversent mer trouvent aides sociales,0
ptdrr etes attarde  possible autrement hein @ url,0
# lrem gauchiste defoulent @ user ose parler l'immigration comme probleme..,0
l'attarde moroni,0
jsuis sale arabe,0
preference islamiste gauche motivee clientelisme egalement  anticlericalisme .,0
antisemite complotiste anti-trump...  auteur fusillade fait onze morts dan ... @ url,0
l'afrique sous-developpe,0
l'islam n'est terrorisme ... veux dire l'extremisme existe toutes re... @ url,0
s'attarde trop cote medical hotes,0
mouvement vegane : mouvement pacifique voir militantiste prone monde tous animaux tous humain... @ url,0
c'est marrant c'est toujours menopausees hommes contre l'avortement @ url,0
finir theorie complot anti-voitures @ user @ user @ url,0
quand renois n'a temps imbecillites ...,0
@ user @ user @ user 15 %  arabes israeliens israel . votent elus : +10 % de... @ url,0
bravo realisateur # lejouroujaibrulemoncoeur inclut # harcelement # antisemite film  # sale # juif  . realite .,0
paris premiere mise demeure propos d'eric zemmour migrants musulmans @ url @ url,0
@ user contre  avortement,0
renois c'est delire comment degagent bail surtout qd mettent durag jvs love,0
petit moment romantique balancoire bord mer @ url,0
@ user connaissais deja peu avant m'y etais attarde video lol m'a giga hype,0
pfff c'est dingue nombre meuf blanche font fourrer renois font foot . vazi c'est quoi vo... @ url,0
pourquoi gauchistes feministe lgbt pro lgbt veulent acceuillir integrer l'islam toutes... @ url,0
ignorant gauchiste base niant realite historique,0
@ user @ user ni arabe ni noir ni musulmans ... cela peut etre acte terroriste fusillade anti... @ url,0
@ user si arrivez m'expliquer qu'est l'extreme droite sans lieux communs propagande gauchiste ca ... interesse,0
@ user @ user  deja mieux  islamisation grand remplacement inevitable alors autant fai... @ url,0
@ user @ user meme temps ca vient gars vegan celui tient plusieurs sites pages antive... @ url,0
@ user @ user @ user @ user vrai danger l'islam c'est gauche peux garantir,0
nouveau virage a gauche ps revenu l'opposition . apres mandat hollande... faire l'accueil migrants... @ url,0
attarde ? ? ? @ url,0
@ user @ user etes justement l'esclave d'un terrorisme intellectuel communisme m'attaque sous l... @ url,0
 etait sale arabe @ url,0
novembre hourdel soleil  attarde phoques profitent aussi ! @ url,0
l'histoire quebec vaut peine qu'on s'y attarde . tellement triste qu'on l'enseigne presque plus . texte fort @ url,0
@ user propos zemmour inadmissibles parle  sale francais   plus francais t... @ url,0
l'attarde medelin tue match,0
@ user t'imagine comme viens rendre debut journee plus beau.. merci ^^,0
# habs deux buts c'est bien beau quand s'attarde a facon dont kotkaniemi travaille hier contex... @ url,0
alors naulleau debarque ? finie posture gauchiste intraitable ouvert diversite culturelle incap @ url,0
@ user 1 mongol,0
# bresil exemple # fakenews # gauchiste : amerindiens eux-memes tuent nouveaux-nes @ url,0
france coiffeurs rebeus passent rai ... ici mettent kaaris mode 93 manque c'est beau,0
refugies rohingyas prient camp refugies kutupalong bangladesh . @ url,0
@ user faut passer outre . c'est pareil m'y attarde peu ...,0
libye : plus 100 morts naufrage deux bateaux migrants @ url,0
journaliste extrapole encore  voit  e.macron  attarde surement peur faire interpeller l... @ url,0
@ user islam= paix mtn vais refaire speech car  deja fait : si  a *terrorisme* fr... @ url,0
aubenas ( 07 ) : manifestation soutien migrants samedi 22 septembre 2018 a partir 9h place mar... @ url,0
peut dire autant renois @ url,0
@ user ca change qd mm mongol,0
l'ouverture port nice a l'aquarius bateaux portant secours refugies,0
cette violence incroyable ? @ url,0
@ user ah ouais font cegrin renois ca ici,0
@ user laisse tomber  tetes  renois font  importe quoi,0
nouveau - berne : 1500 personnes a marche contre l'avortement - # suisse # ivg # avortament # bern # ber ... @ url,0
gauchiste francais veut resoudre problemes monde defaut resoudre problemes chez ... donneur @ url,0
intelligence d'un ado attarde ! ! ! @ url,0
@ user @ user oui souvenons massacres camps refugies sabra chatila commis phal... @ url,0
@ user @ user oui ya grd remplacement ni racisme anti blanc ! tjr arabe noir jeune s... @ url,0
putain d'attarde,0
ptdrrrr sale arabe @ url,0
@ user @ user mec si gagne cobtre liverpool st eliminate donc fais  attarde ici,0
attarde cur,0
president iranien lors discours annuel a  onu va plaindre danger terrorisme lieu  et... @ url,0
toutes larmes s'attarde espoir .,0
plus bas dis pourrais sortir autre  rebeu  coup indiennes renois c... @ url,0
aller putain laryngite comme aime a tousser comme grosse debile plus avoir voix etre sous antibio,0
excellente demonstration @ user monsieur joffrin vaut-il peine l'on s'attarde torc... @ url,0
@ user accueillir 58 migrants c'est sans fin ca appellera venue d'autres migrants savez tres... @ url,0
quand demande gauchiste d'argumenter @ url,0
mur anti-migrants sahara : l'idee renversante trump @ url,0
chez bcp trop d'arabes aussi tellement occasionnellement ds cercles questi...,0
@ user @ user petits gestes tout petits gestes,0
ca  air sympa etre sale arabe @ url,0
peut-etre ceux emettent oukases non violents relativement proteges violence . semble... @ url,0
toutes facons ca s'arretera jamais . chacun cherche meilleur toujours migrants.... @ url,0
putain filous renois conspirent a faire insulter place publique,0
@ user @ user merci cet echange . n'aimez arabes dite clairement . bonne journee .,0
 vla potes renois rebeu  mdr ca veut dire quoi ca tous pareil gros @ url,0
renois americain autant liens l'afrique blancs americains l'europe .,0
j'ai seul regret m'attarde dessus . faut avancer @ url,0
dieu  attarde jamais a combler besoin exterieur .,0
marine pen pouvoir fermer frontieres expulser tous clandestins migrants retirer papiers... @ url,0
@ user voila arrive quand propagande gauchiste tiermondiste miserabiliste cote tu... @ url,0
@ user @ user @ user parle rapport a protestantism dit melangions polytheism... @ url,0
@ user @ user @ user c'est migrants viennent piquer travail francais c'est t... @ url,0
@ user @ user chercheur diriger cette etude n'as sans doute lu precise bie ... @ url,0
@ user faut croire ong soutenues gouvernement favorise l'immigration massive l'islamisation pays,0
@ user @ user crains peur d'etre etiquete facho . pourtant deja consider... @ url,0
@ user jour  dis  aimes bien renois twitter  rapl tres bien puis meme vrai tu... @ url,0
@ user @ user @ user c'est dingue terrorisme intellectuel ! meme prenom certes mais... @ url,0
@ user @ user @ user @ user crois vraiment  a 2 renois a daesh ? boko haram ? ... @ url,0
@ user oui vrai ... lyonnais racistes aiment bien arabes regardez ... @ url,0
@ user @ user @ user sauf qu'aux heures plus sombres histoire juifs cachaie ... @ url,0
@ user @ user @ user @ user @ user societe complete cautionne violence l'au... @ url,0
@ user @ user l'homme faible physiquement rapport l'elephant infiniment plus intelligent .,0
@ user  bien fait  unfollow quand voyais tweets bizarres arabes a moment la... @ url,0
@ user  aimerais   attarde tete juste sublime,0
@ user quand meme l'equivalent boulangers expliquent pourquoi contre l'avortement... @ url,0
@ user @ user attali compare juifs migrants . c'est legitimisation violence contre anti-immigration .,0
@ user violence mdrr va falloir censure tweets,0
@ user gens grandi s'attarde plus trivialites changement d'heure vrais purs ... @ url,0
@ user @ user non ! n'en veut migrants economiques ! trop c'est trop . plus urgent d... @ url,0
@ user @ user yes   impression noir  afrique  ceux  ici,0
@ user @ user qu'est-ce qu'il faut lire franchement,0
@ user @ user d'ailleurs . si tiens vraiment condition vie gens si t'as p ... @ url,0
@ user @ user @ user @ user deja islam= paix terrorisme feuge  utilise... @ url,0
@ user @ user feraient politologues juifs s'il n'y nazis ?,0
@ user @ user @ user @ user @ user bonjour gauchiste bobo reveille a ... @ url,0
@ user pauvrete n'est collateral violence plus richesse . faut chercher ailleurs,0
@ user @ user vs n'comprenez ps si n'as ps envie d'en manger tant mieux pr ms laisse ls ... @ url,0
@ user  sale arabe ..,0
@ user @ user parler medecins africains travaillant france etait juste signaler parmi tous... @ url,0
@ user manifestants  # idleb  # alep symbole courage resistance resili... @ url,0
@ user j'aime violence,0
@ user @ user millions morts famine chaque annee veux laisser pourri ... @ url,0
@ user @ user euh vraiment attarde   belle fille   hein demande si de... @ url,0
@ user assez attarde album  irai reecouter,0
: [ @ user @ user @ user @ user hossam mdrrr allez viens ici vendeur chameau renie enfin  arabe frero,0
@ user @ user esperons neanmoinsil ferait violence prenant argent qu'il pouvait reclamer par... @ url,0
@ user @ user @ user toujours memes poncifs 1 ) non violence position moral... @ url,0
@ user @ user @ user suppression partiele isf ( comme disait sarkozy-fillon impot gauchiste st ... @ url,0
@ user va emmener quelques migrants ?,0
@ user j'ai toujours ete contre l'avortement c'est question conscience vie c'est sacre ri... @ url,0
@ user encore ? jour faudra faire etude sociologique tropisme gauchiste / socialiste... @ url,0
@ user @ user @ user @ user @ user fort loin d'etre gauchiste continuerai de... @ url,0
@ user fait quand s'attarde peu tweets compte ...,0
@ user @ user @ user n'est qu'au cameroun qu'on laisse vraies choses s'attarde l'o... @ url,0
@ user merci,0
aimer trop courir quand rigolez renois @ url,0
@ user @ user  prix bled peut trouver marcher bien epiceries arabe/renois,0
@ user @ user c'est bien connu,0
@ user @ user mdrrrr . t'es trop mignon,0
@ user @ user @ user violente.e.s aimeraient donc violence ?,0
@ user @ user  jouer acec mots .  histoire coloniale francaise fait arabes e... @ url,0
@ user surtout noirs arabes pire entretien qd mec verra tete a m... @ url,0
@ user comprends c'est horrible . si gentil chien . j'en marre violence humaine . devrait tuer gas .,0
@ user @ user  denier  a migrants  benefice droit  asile motif  seraient... @ url,0
@ user rebeus haineux renois ca existe veuilles . jv nier ca pr,0
 a deux renois venu  asseoir juste a cote alors train vide wesh quoi lprobleme,0
@ user @ user tiens encore cette theorie complot antisemite ...,0
@ user rebeus soins comme,0
@ user @ user niveau ... anchois niveau chaine alimentaire . ridiculise encore plus,0
@ user wow j'sais comment fais fais accelerer coeur distance arrete ca mec jme sens toute timide ; v ;,0
@ user @ user etre sommet chaine alimentaire = torturer animaux plaisir ?,0
@ user fait tant qu'agent securite loi interdit palper personne meme sexe ( ... @ url,0
@ user @ user commando marine gauchiste c'est triste,0
@ user mdrrrrrr bah ouais  a dit etes enormement licence street asquip  a priorite rebeu et... @ url,0
@ user chretienne vaut   attarde certains ...,0
@ user ptdrr tous renois chatelet vont arriver ball,0
@ user @ user @ user n'oublions beaucoup juifs refugies maghreb a cette... @ url,0
@ user @ user quel dommage.malgre @ user juin 2017 violence conjugales auto declares mentionne q... @ url,0
@ user @ user non  plus crimes commis migrants francais blancs . seulement moins... @ url,0
@ user @ user t'aime bien gout viande carnivore c'est tout .,0
wesh parle fait  feministe parle droits femme  super pourquoi  com... @ url,0
@ user propagande gauchiste americaine n'a aucune limite comme france.n # bfmtv,0
 a vieux mec a gare  a insulter  sale arabe  sauf arabe tout,0
@ user quelle manoeuvre ! bon j'imaginais ca peu plus violence lol ca va c'est soft,0
@ user @ user ah gauchiste ... l'amour debat l'honnetete intellectuelle ! : ) @ url,0
@ user @ user @ user @ user @ user tombez illeres ! violence touche aussi pere... @ url,0
@ user @ user @ user non gauchiste tres long compromette ...,0
@ user @ user l'ai dis repete force deviens mechant ouais . ahahahahahahahahaha priver lib ... @ url,0
@ user @ user merci,0
@ user @ user ptn cette violence question mdr,0
@ user oui j'suis gentille m'attarde physique,0
@ user @ user @ user personne qu'elle qu'il doit imposer regime alimentair ... @ url,0
@ user jpense  attarde bc ca interesse grand monde ( jcoco tres peu gens pose... @ url,0
@ user ptdrrr merci gauchiste pref,0
@ user @ user education gauchiste enfant roi ...,0
@ user @ user @ user merci fr passer arabes pr haineux,0
@ user @ user baath  etait parti tous arabes variante chaque pays ( baath irakien sous saddam etc ),0
@ user hamdoullah vis pays africain donc prenom va deranger gens mal a... @ url,0
@ user @ user ben aussi dira reconvertir quand raison x groupe ... @ url,0
@ user @ user yen mal capter hein c'est fou,0
@ user @ user si mal ? si prefere renois c'est gouts pourquoi direct mal parler ?,0
@ user @ user non non . complotiste anti-etat-qui-raquette-les-automobilistes-qui-bossent-eux,0
@ user @ user peut-etre certaines personne supportes plus l'on s'attarde genre de... @ url,0
@ user @ user @ user techniquement sommet chaine alimentaire puisqu ... @ url,0
@ user @ user @ user peut aussi dire qu'on totalement menace submersion invasion is... @ url,0
@ user  acharne automobilistes ( donc constructeurs ) rare violence . e... @ url,0
@ user @ user @ user @ user  absolument lu  a dis jvais perdre temps d... @ url,0
@ user @ user @ user m'attarde cependant quelque peu : si laissiez gens faire pro... @ url,0
@ user @ user @ user drapeau israelien indique donc attachement foyer juif la... @ url,0
@ user non parents n'etaient rebeus ...,0
@ user  a rebeus hein ?,0
: [ @ user @ user rapeur cause fils d'un migrant exactement meme droits meme ben... @ url,0
@ user @ user trouve ca dommage apres selon renois arreter dire  l... @ url,0
violence domestique femmes spirituelles : violence domestique  generalement pas... @ url,0
@ user @ user vegans sont-ils contre l'avortement ?,0
@ user @ user exterminer faire souffrir . ca rappelle deuxieme guerre mondiale ca,0
@ user @ user @ user @ user whallah wallah tiens rebeus citee wesh coran ...,0
@ user @ user @ user ca n'empeche repondre proportionnellement violence faites .,0
@ user mdr personnellement  attarde next directe .,0
@ user @ user @ user toutes femmes catholiques contre l'avortement .,0
voila pourquoi probleme noirs arabes france finira jamais trop diviser wesh  a... @ url,0
@ user logique religieux : contre droit a  avortement contre pma :  veut enfan... @ url,0
@ user @ user y'a capitaines arabes vote salah,0
@ user salutations est-ce qu'un vegan contre l'avortement ? logiquement oui vu qu'on tue etre vivant non ?,0
@ user @ user @ user @ user gauchiste libertaire catholique tres orthodox ... @ url,0
@ user  vu ca videos deja   etait attarde  futbin pes fait mieux : p,0
@ user meler islam violence maniere systemique voila but ... utilisent terme terrorisme ... c... @ url,0
@ user demande faites sortes bloquer l'argent vole africains cache b... @ url,0
@ user @ user @ user # gauchiste  # pense  : n'a reflexion viscerale .,0
@ user @ user @ user hiver putain ! fait froid !,0
@ user ... bien petite idee va traiter gauchiste ...,0
@ user cargaison migrants aquarius autre payee ' 14 000 euros minimum macron soros v... @ url,0
@ user @ user tiens cause perdue d'avance,0
@ user @ user @ user n'y rien comprendre gauchiste gauchiste . peut raconter tout e ... @ url,0
@ user @ user croyez macron aime arabes ? mdr,0
@ user gens sentent tous vises !  secte alors ? comme blacks arabes instits ...,0
@ user @ user donc fait proteger especes animales condamnez l'extinction ... @ url,0
y'a plus renois terrain tous pays d'afrique subsaharienne reunis # olom,0
@ user @ user @ user voter c'est donner voix lr macron gauchiste etc,0
@ user @ user gauchiste reconnais tout gauchistesnalle ... @ url,0
@ user @ user quelle transition parle ? tout monde devienne vegan ? pourquoi v ... @ url,0
@ user precise tout suite islamo-gauchiste nie l'antisemitisme ... @ url,0
@ user juifs americains trump consternes medias taisent haine contre l... @ url,0
@ user remarque photo peut donner putain scenario film : 4 renois beurette a chicha,0
@ user @ user veulent ca bons petits rebeus maison,0
@ user @ user quand j'etais gamin meilleur pote etait juif . l'ai su lorsqu'un maghrebin l'a... @ url,0
@ user @ user @ user soutenir fachosphere plus complotiste drole conception liberalisme .,0
@ user arabes maghreb el arabi meme si propagande occidentale malheur bas plein ! ... @ url,0
@ user @ user @ user gauchiste ... donc genie,0
@ user @ user @ user @ user c'est ca bif renoistu dis verite c'est probleme,0
@ user @ user @ user @ user lr parti gauchiste . rencontre entre laurent wauquiez angela merkel prouve .,0
@ user tweet comme l'article s'attardent beaucoup ca pourrait changer d'avoir europeen... @ url,0
@ user @ user @ user tous ceux disent musulmans l'islam c'est terrorisme so... @ url,0
@ user @ user gauchiste prefere essayer recuperer dernieres voies socialistes fe... @ url,0
@ user @ user @ user merci confirmer dires,0
@ user @ user @ user belle gauchiste 100 % pur sang nathalie appere !,0
@ user @ user coup pourquoi l'evolution fait qu'on canines si destine bouffer ... @ url,0
@ user @ user tout comme terrorisme car l'islam religion prone paix . prophete sallah... @ url,0
@ user bonne nouvelle refugies droits humains,0
@ user finalement repasserais ... quelle violence matin .  cafe ? @ url,0
@ user @ user @ user l'islam interdit formellement terrorisme . ceux connaissent l'histoi... @ url,0
@ user tous profs utilisent bon prenom j'ai meme change prenom secretariat fac,0
@ user # stop complots # stop guerres interets economiques & amp ; politiques # stop machiavelisme.... @ url,0
@ user @ user @ user nonsense !,0
@ user @ user comment pouvez oser ecrire choses ? donc gros arabes demandent tr... @ url,0
@ user pcq encore fois vise renois non ca  a lieu  etre  tt peut mets dedans au... @ url,0
@ user prennent attarde quoi ptdr,0
@ user trop negro aussi n'est content retrouver . merci parolier,0
@ user @ user @ user @ user ah  accord donc si  renoi rebeu peux donner... @ url,0
@ user @ user renz gangsta plus beau tt rebeus,0
@ user n'y pense peu a nantes maghrebins affronte # migrants africains .,0
@ user merci theo aka brainless connu sous pseudonyme plus beau tous rebeus ..,0
@ user @ user @ user dites aussi vive front national pendant etes ! c'est ... @ url,0
@ user @ user @ user faux . gens non-exposes a violence preche non-violence puisqu'ils... @ url,0
@ user  ete place chez operateur   a rien a faire a part porter plainte pr harcelement changer numero,0
verite # islam # musulmans # mosquee # censure # sos # europe # liberteexpression # ong # gauchiste... @ url,0
@ user non pense . ca voit beaucoup d'equipes . meme s'est attarde cel... @ url,0
@ user enfin dis ca c'est plutot notoriete publique turbo-gauchiste . meme ca re... @ url,0
voila passe aujourd'hui forets francaises violence a l'etat pur ! bou...,0
@ user @ user comme ca pourra dire cause renois allez bsx,0
@ user seul vrais hommes passe dessus fan service s'attarde plutot l'oeuvre message... @ url,0
@ user @ user @ user fin game  attarde gens parle sans savoir merci r... @ url,0
@ user @ user @ user alors pays occidentaux tres friand viande ... @ url,0
@ user @ user @ user feministes extremistes cancer effet . plupart feministes ba... @ url,0
@ user merci,0
@ user bordel meme contre l'avortement respecte juste droit certains a vouloir l... @ url,0
: [ @ user @ user @ user quand accusez bts  harcelement s*xuellec grave quand ramene l... @ url,0
@ user @ user lors sommets rappeler africains indonesiens doivent plus ex... @ url,0
@ user nouveau nom twitter ! dit adieu beaux rebeus : (,0
@ user @ user n'est theorie complot . c'est peut-etre recupere fachos l'ec... @ url,0
@ user mddrrrrr trop violence,0
@ user @ user  screen sinon taille arabes plein fois  a rien  ironique dedans,0
@ user @ user j'en parlais fils 3eme public ..il dit c'est surtout entre noirs arabes... @ url,0
@ user ouais clairement surtout ca scientifique,0
@ user meme rebeus oran chiale meuf,0
@ user utilisez media ( twitter ) dont violence coutumiere . quittez reseau tranq... @ url,0
@ user pensent seulement gauchiste feministes ? pauvres,0
@ user @ user @ user ptn vais meme lire thread gauchiste sens vais psychoser a mort,0
@ user vp depuis 1930 ;  ns commis guerre  ;  attarde pastrop rol... @ url,0
@ user @ user gauchiste . plutot droite ... ca n'a rapport ca . dis ... @ url,0
@ user hsksjsh ouais pourquoi bon renois 3eme classement,0
@ user fuit  espagne refugies algerie quand francais arrives so... @ url,0
@ user t'attarde dessus !,0
@ user quand n'est plus possible d'etablir liens confiance institutions violence n'est p... @ url,0
@ user quand prendrez sources ailleurs site complotiste antisemite cessere... @ url,0
@ user @ user actuellement amerique high school depuis debut ... an ... @ url,0
@ user pourquoi tant migrants africains europe alors si tous vilains racistes autres... @ url,0
